{"Mean":{"confidence_interval":{"confidence_level":0.95,"lower_bound":1392714.475709039,"upper_bound":1415556.914231576},"point_estimate":1402187.6529562697,"standard_error":5945.612077109171},"Median":{"confidence_interval":{"confidence_level":0.95,"lower_bound":1388848.3166666667,"upper_bound":1395522.7222222222},"point_estimate":1392694.0117647059,"standard_error":1781.3626352222827},"MedianAbsDev":{"confidence_interval":{"confidence_level":0.95,"lower_bound":10556.268626050281,"upper_bound":17831.88484175283},"point_estimate":13447.764638270643,"standard_error":1774.5647181843465},"Slope":{"confidence_interval":{"confidence_level":0.95,"lower_bound":1390387.361163647,"upper_bound":1397267.8414412613},"point_estimate":1393786.3738879857,"standard_error":1754.6904882207696},"StdDev":{"confidence_interval":{"confidence_level":0.95,"lower_bound":13401.415749107588,"upper_bound":94459.1251550342},"point_estimate":59482.153711247694,"standard_error":21634.130929403873}}