{"Mean":{"confidence_interval":{"confidence_level":0.95,"lower_bound":1152802.7637233885,"upper_bound":1173237.5982810694},"point_estimate":1160434.5719036942,"standard_error":5689.390537488629},"Median":{"confidence_interval":{"confidence_level":0.95,"lower_bound":1147971.4098360655,"upper_bound":1150585.3885666942},"point_estimate":1149405.3876404495,"standard_error":730.1156581531668},"MedianAbsDev":{"confidence_interval":{"confidence_level":0.95,"lower_bound":2707.4333025381407,"upper_bound":6243.8052195547225},"point_estimate":4227.450660533189,"standard_error":1025.0868086794578},"Slope":{"confidence_interval":{"confidence_level":0.95,"lower_bound":1149526.4789154758,"upper_bound":1153834.041813093},"point_estimate":1151392.9949194621,"standard_error":1113.6694307142236},"StdDev":{"confidence_interval":{"confidence_level":0.95,"lower_bound":10238.521994808196,"upper_bound":96677.72292239375},"point_estimate":57459.276158676745,"standard_error":29169.727662422803}}