{"Mean":{"confidence_interval":{"confidence_level":0.95,"lower_bound":1152652.9309029495,"upper_bound":1168887.8306004836},"point_estimate":1158383.1685781712,"standard_error":4881.15295681951},"Median":{"confidence_interval":{"confidence_level":0.95,"lower_bound":1151555.945945946,"upper_bound":1153181.3636363635},"point_estimate":1152565.14,"standard_error":459.44995926154934},"MedianAbsDev":{"confidence_interval":{"confidence_level":0.95,"lower_bound":2874.6839034451664,"upper_bound":5639.671861874108},"point_estimate":4291.706147806832,"standard_error":710.4858424222156},"Slope":{"confidence_interval":{"confidence_level":0.95,"lower_bound":1151923.2366622817,"upper_bound":1155261.3120621475},"point_estimate":1153334.7704773163,"standard_error":862.5292513843201},"StdDev":{"confidence_interval":{"confidence_level":0.95,"lower_bound":4438.02686403877,"upper_bound":83594.0445768857},"point_estimate":48958.45342126045,"standard_error":27991.806082831263}}