{"Mean":{"confidence_interval":{"confidence_level":0.95,"lower_bound":1157983.9562786585,"upper_bound":1179183.7738258487},"point_estimate":1166238.9459437742,"standard_error":5643.605218717196},"Median":{"confidence_interval":{"confidence_level":0.95,"lower_bound":1150766.0,"upper_bound":1156549.9456521738},"point_estimate":1154835.9609375,"standard_error":1749.1005626851359},"MedianAbsDev":{"confidence_interval":{"confidence_level":0.95,"lower_bound":6824.703169253958,"upper_bound":13623.640289921388},"point_estimate":10976.41949007586,"standard_error":1973.9321386155034},"Slope":{"confidence_interval":{"confidence_level":0.95,"lower_bound":1156753.8239577645,"upper_bound":1169162.7280125937},"point_estimate":1162647.3091000444,"standard_error":3176.511057902289},"StdDev":{"confidence_interval":{"confidence_level":0.95,"lower_bound":16576.692159236078,"upper_bound":93535.94777466934},"point_estimate":56884.634765434486,"standard_error":25555.043854763633}}