{"Mean":{"confidence_interval":{"confidence_level":0.95,"lower_bound":1390285.1826913084,"upper_bound":1407402.8047562216},"point_estimate":1397220.03467935,"standard_error":4488.783731951875},"Median":{"confidence_interval":{"confidence_level":0.95,"lower_bound":1383333.131118881,"upper_bound":1392646.2166666666},"point_estimate":1388495.3077158602,"standard_error":2460.883194824065},"MedianAbsDev":{"confidence_interval":{"confidence_level":0.95,"lower_bound":9336.023353817645,"upper_bound":18498.89981004319},"point_estimate":14089.370346055535,"standard_error":2288.4453400953867},"Slope":{"confidence_interval":{"confidence_level":0.95,"lower_bound":1388671.1422426365,"upper_bound":1399666.3269244318},"point_estimate":1393905.8282931875,"standard_error":2818.4702085100125},"StdDev":{"confidence_interval":{"confidence_level":0.95,"lower_bound":14579.52547528182,"upper_bound":72987.57894563503},"point_estimate":45142.27394390379,"standard_error":18237.59776104417}}