{"Mean":{"confidence_interval":{"confidence_level":0.95,"lower_bound":1162817.6159774512,"upper_bound":1181612.435456315},"point_estimate":1169580.9187939665,"standard_error":5492.634370642384},"Median":{"confidence_interval":{"confidence_level":0.95,"lower_bound":1160957.579710145,"upper_bound":1162247.5},"point_estimate":1161637.77625,"standard_error":377.0343010100424},"MedianAbsDev":{"confidence_interval":{"confidence_level":0.95,"lower_bound":2693.222713586861,"upper_bound":4908.067380556619},"point_estimate":3398.6466420030983,"standard_error":549.673075039624},"Slope":{"confidence_interval":{"confidence_level":0.95,"lower_bound":1163230.3203690457,"upper_bound":1169109.8514230703},"point_estimate":1165971.0722358504,"standard_error":1509.2056497730468},"StdDev":{"confidence_interval":{"confidence_level":0.95,"lower_bound":6442.7617911882,"upper_bound":94062.02488180784},"point_estimate":55330.70297560532,"standard_error":30396.95432020687}}