{"Mean":{"confidence_interval":{"confidence_level":0.95,"lower_bound":1153786.3274741974,"upper_bound":1211999.4871237564},"point_estimate":1175735.801912633,"standard_error":15672.721638662775},"Median":{"confidence_interval":{"confidence_level":0.95,"lower_bound":1148484.8850335071,"upper_bound":1150866.174238876},"point_estimate":1149552.735137195,"standard_error":736.8382924374454},"MedianAbsDev":{"confidence_interval":{"confidence_level":0.95,"lower_bound":3640.841935362184,"upper_bound":7245.225712964773},"point_estimate":4861.526530596156,"standard_error":884.4401730930232},"Slope":{"confidence_interval":{"confidence_level":0.95,"lower_bound":1152898.1905800786,"upper_bound":1162582.2277394154},"point_estimate":1157526.6419417763,"standard_error":2473.7948261033594},"StdDev":{"confidence_interval":{"confidence_level":0.95,"lower_bound":13203.03504819988,"upper_bound":261005.1849548377},"point_estimate":157147.32493299965,"standard_error":73875.56771475743}}