{"Mean":{"confidence_interval":{"confidence_level":0.95,"lower_bound":1243183.5628658643,"upper_bound":1272675.9518437353},"point_estimate":1254708.0076530923,"standard_error":7902.416954311433},"Median":{"confidence_interval":{"confidence_level":0.95,"lower_bound":1246083.568154762,"upper_bound":1253238.3842790518},"point_estimate":1250121.9100274725,"standard_error":1771.1696335147255},"MedianAbsDev":{"confidence_interval":{"confidence_level":0.95,"lower_bound":12401.424253921658,"upper_bound":26204.495239226442},"point_estimate":16352.982446773498,"standard_error":3589.0683861628127},"Slope":{"confidence_interval":{"confidence_level":0.95,"lower_bound":1236287.1490448941,"upper_bound":1249712.0571077168},"point_estimate":1243023.8168375941,"standard_error":3434.665443686698},"StdDev":{"confidence_interval":{"confidence_level":0.95,"lower_bound":23407.399165412666,"upper_bound":131703.3958617964},"point_estimate":79546.43551826182,"standard_error":36624.18382511885}}