{"Mean":{"confidence_interval":{"confidence_level":0.95,"lower_bound":1533427.7620401578,"upper_bound":1592063.299479835},"point_estimate":1556882.859445743,"standard_error":15601.937067836448},"Median":{"confidence_interval":{"confidence_level":0.95,"lower_bound":1527445.26,"upper_bound":1537965.0454545454},"point_estimate":1530933.95618839,"standard_error":2556.5128173142316},"MedianAbsDev":{"confidence_interval":{"confidence_level":0.95,"lower_bound":10858.19166012731,"upper_bound":17980.05714799464},"point_estimate":14312.076220817009,"standard_error":1699.0689192798172},"Slope":{"confidence_interval":{"confidence_level":0.95,"lower_bound":1532865.5884714706,"upper_bound":1538051.1128032273},"point_estimate":1535466.4162701345,"standard_error":1323.8061988298723},"StdDev":{"confidence_interval":{"confidence_level":0.95,"lower_bound":13526.18252335647,"upper_bound":250161.89224400485},"point_estimate":156781.5002285381,"standard_error":64579.260649996744}}