{"Mean":{"confidence_interval":{"confidence_level":0.95,"lower_bound":1548724.5465418894,"upper_bound":1573159.3636407065},"point_estimate":1557825.9215780601,"standard_error":6832.935683568377},"Median":{"confidence_interval":{"confidence_level":0.95,"lower_bound":1545563.9416666667,"upper_bound":1552343.4439338236},"point_estimate":1548653.7604166665,"standard_error":1668.5403971094704},"MedianAbsDev":{"confidence_interval":{"confidence_level":0.95,"lower_bound":11813.116868037703,"upper_bound":19141.770321814405},"point_estimate":15988.72959280801,"standard_error":1905.9640700450245},"Slope":{"confidence_interval":{"confidence_level":0.95,"lower_bound":1548943.2910384717,"upper_bound":1554202.1524851117},"point_estimate":1551483.2968050835,"standard_error":1339.8605437386336},"StdDev":{"confidence_interval":{"confidence_level":0.95,"lower_bound":13813.507987906178,"upper_bound":115969.08934232609},"point_estimate":68835.89590938619,"standard_error":35344.5877015371}}