{"Mean":{"confidence_interval":{"confidence_level":0.95,"lower_bound":1521191.0830797455,"upper_bound":1543955.944137529},"point_estimate":1529557.6892542976,"standard_error":6346.17060908107},"Median":{"confidence_interval":{"confidence_level":0.95,"lower_bound":1516167.0918367347,"upper_bound":1521906.59375},"point_estimate":1517888.2390350876,"standard_error":1646.2293163030836},"MedianAbsDev":{"confidence_interval":{"confidence_level":0.95,"lower_bound":5842.090425534453,"upper_bound":11797.312740555757},"point_estimate":8545.829798281251,"standard_error":1569.984728371535},"Slope":{"confidence_interval":{"confidence_level":0.95,"lower_bound":1519603.166802697,"upper_bound":1527803.3889209018},"point_estimate":1523009.8300014779,"standard_error":2142.82157085478},"StdDev":{"confidence_interval":{"confidence_level":0.95,"lower_bound":11773.283292054164,"upper_bound":106934.1201245911},"point_estimate":63491.74855315223,"standard_error":32668.923271523166}}