{"Mean":{"confidence_interval":{"confidence_level":0.95,"lower_bound":-0.0813085533985281,"upper_bound":-0.03022938661753269},"point_estimate":-0.059171502091892036,"standard_error":0.013389093639300721},"Median":{"confidence_interval":{"confidence_level":0.95,"lower_bound":-0.08789249224947937,"upper_bound":-0.0795936437369645},"point_estimate":-0.08552263371799318,"standard_error":0.0022087581206915218}}