{"Mean":{"confidence_interval":{"confidence_level":0.95,"lower_bound":-0.0441478120852632,"upper_bound":-0.0038358860300271047},"point_estimate":-0.02573115601148057,"standard_error":0.01048266898381796},"Median":{"confidence_interval":{"confidence_level":0.95,"lower_bound":-0.03778997451993815,"upper_bound":-0.03084628475832407},"point_estimate":-0.034309589018483244,"standard_error":0.0017402930110785452}}