{"Mean":{"confidence_interval":{"confidence_level":0.95,"lower_bound":-0.10583848468076863,"upper_bound":-0.022980716774703383},"point_estimate":-0.07245983961870262,"standard_error":0.02106102384749261},"Median":{"confidence_interval":{"confidence_level":0.95,"lower_bound":-0.08206133229986523,"upper_bound":-0.07516243853470202},"point_estimate":-0.0789154515265511,"standard_error":0.0016763905233174777}}