{"Mean":{"confidence_interval":{"confidence_level":0.95,"lower_bound":0.09158479747075154,"upper_bound":0.11946158975032055},"point_estimate":0.10706932389260526,"standard_error":0.0071038476509843185},"Median":{"confidence_interval":{"confidence_level":0.95,"lower_bound":0.10505304850377795,"upper_bound":0.10980740257928878},"point_estimate":0.10836630091519006,"standard_error":0.0012034167202277586}}