{"Mean":{"confidence_interval":{"confidence_level":0.95,"lower_bound":0.059242944938049824,"upper_bound":0.14691596101666385},"point_estimate":0.11120702765823909,"standard_error":0.023571419535564263},"Median":{"confidence_interval":{"confidence_level":0.95,"lower_bound":0.13079371352472435,"upper_bound":0.13930465916541723},"point_estimate":0.1353164943434899,"standard_error":0.002130796989875127}}