{"Mean":{"confidence_interval":{"confidence_level":0.95,"lower_bound":-0.02986708626532561,"upper_bound":0.020727815420539513},"point_estimate":-0.0022622017898421554,"standard_error":0.012797663202733449},"Median":{"confidence_interval":{"confidence_level":0.95,"lower_bound":-0.00419357032166201,"upper_bound":-0.0002295437363818431},"point_estimate":-0.002780561080526933,"standard_error":0.0010310699929325727}}