{"Mean":{"confidence_interval":{"confidence_level":0.95,"lower_bound":-0.10668627757429994,"upper_bound":-0.007803508142518408},"point_estimate":-0.06060775159526188,"standard_error":0.025420162373197653},"Median":{"confidence_interval":{"confidence_level":0.95,"lower_bound":-0.04393117230407396,"upper_bound":-0.03928986427995029},"point_estimate":-0.04213573433908602,"standard_error":0.0011503037888614877}}