{"Mean":{"confidence_interval":{"confidence_level":0.95,"lower_bound":0.10414314652047588,"upper_bound":0.13086972452552098},"point_estimate":0.11494673917667364,"standard_error":0.006610832873761491},"Median":{"confidence_interval":{"confidence_level":0.95,"lower_bound":0.11126370117849782,"upper_bound":0.12040177629760818},"point_estimate":0.11534677273362526,"standard_error":0.002337181771461118}}