{"Mean":{"confidence_interval":{"confidence_level":0.95,"lower_bound":0.042262606251143725,"upper_bound":0.10057169637345859},"point_estimate":0.07406186764044898,"standard_error":0.01500360906036431},"Median":{"confidence_interval":{"confidence_level":0.95,"lower_bound":0.09410456583332749,"upper_bound":0.10513424138086691},"point_estimate":0.1008116752080559,"standard_error":0.0027952649880123}}