{"Mean":{"confidence_interval":{"confidence_level":0.95,"lower_bound":-0.044036652247090524,"upper_bound":0.009938952614358107},"point_estimate":-0.013932552595839809,"standard_error":0.013938623817239053},"Median":{"confidence_interval":{"confidence_level":0.95,"lower_bound":-0.002957483535009353,"upper_bound":0.0033734114479708754},"point_estimate":0.00006983210213773461,"standard_error":0.0016127037823447158}}