{"Mean":{"confidence_interval":{"confidence_level":0.95,"lower_bound":0.10014597688677875,"upper_bound":0.19038841097109896},"point_estimate":0.13774585178619758,"standard_error":0.02315465377939815},"Median":{"confidence_interval":{"confidence_level":0.95,"lower_bound":0.0936676515128414,"upper_bound":0.0984440682735872},"point_estimate":0.09684190352041244,"standard_error":0.001211492871836605}}