{"Mean":{"confidence_interval":{"confidence_level":0.95,"lower_bound":-0.014635657874561099,"upper_bound":0.01675639494059448},"point_estimate":0.0011730512508376645,"standard_error":0.007878004332740137},"Median":{"confidence_interval":{"confidence_level":0.95,"lower_bound":-0.004854468869527451,"upper_bound":0.0009014951362488197},"point_estimate":-0.0008005248419172828,"standard_error":0.0015885419902827837}}