{"Mean":{"confidence_interval":{"confidence_level":0.95,"lower_bound":-0.019015543144309317,"upper_bound":0.028012891115956597},"point_estimate":-0.0006053706766939726,"standard_error":0.011884675010429514},"Median":{"confidence_interval":{"confidence_level":0.95,"lower_bound":-0.01455854843180926,"upper_bound":-0.006542190695087546},"point_estimate":-0.0114420696744435,"standard_error":0.0019903123779457265}}