{"Mean":{"confidence_interval":{"confidence_level":0.95,"lower_bound":0.03607900817376833,"upper_bound":0.09480851848523067},"point_estimate":0.06884735506307504,"standard_error":0.015103872779798728},"Median":{"confidence_interval":{"confidence_level":0.95,"lower_bound":0.08980770160622617,"upper_bound":0.09999128896708198},"point_estimate":0.09655308468013812,"standard_error":0.0026441251106015715}}