{"Mean":{"confidence_interval":{"confidence_level":0.95,"lower_bound":-0.016746523374353058,"upper_bound":0.040248088341544044},"point_estimate":0.009028519870345697,"standard_error":0.014724770347217368},"Median":{"confidence_interval":{"confidence_level":0.95,"lower_bound":-0.0014093555021786885,"upper_bound":0.002301205804440265},"point_estimate":0.0007380163688974761,"standard_error":0.0009845387965802014}}