{"Mean":{"confidence_interval":{"confidence_level":0.95,"lower_bound":-0.06460880050784931,"upper_bound":4.484163219271349e-6},"point_estimate":-0.02466808293236855,"standard_error":0.018550486492585963},"Median":{"confidence_interval":{"confidence_level":0.95,"lower_bound":-0.011243074946430731,"upper_bound":-0.0023219339351143536},"point_estimate":-0.006289150098865215,"standard_error":0.002295704167421235}}