{"Mean":{"confidence_interval":{"confidence_level":0.95,"lower_bound":-0.10595534596518914,"upper_bound":-0.08183736364029048},"point_estimate":-0.09412574525098949,"standard_error":0.006075856079910106},"Median":{"confidence_interval":{"confidence_level":0.95,"lower_bound":-0.09425992027123486,"upper_bound":-0.08790305715098878},"point_estimate":-0.09245720186233564,"standard_error":0.0016910269391416399}}