{"Mean":{"confidence_interval":{"confidence_level":0.95,"lower_bound":-0.02304272220255769,"upper_bound":0.00999387382577332},"point_estimate":-0.005863687971621401,"standard_error":0.00831983969695222},"Median":{"confidence_interval":{"confidence_level":0.95,"lower_bound":0.0012034791723365412,"upper_bound":0.004349957150905581},"point_estimate":0.0033604520125685156,"standard_error":0.0008549803233741149}}