{"Mean":{"confidence_interval":{"confidence_level":0.95,"lower_bound":-0.03917788016435088,"upper_bound":0.028631061199747253},"point_estimate":-0.0043185742841315156,"standard_error":0.017220564584296997},"Median":{"confidence_interval":{"confidence_level":0.95,"lower_bound":-0.003803921885950993,"upper_bound":0.0016136463719611397},"point_estimate":-0.0005169843997224755,"standard_error":0.0014328175333812284}}