{"Mean":{"confidence_interval":{"confidence_level":0.95,"lower_bound":-0.062032579857516826,"upper_bound":0.004802247403070747},"point_estimate":-0.021200428205817134,"standard_error":0.018828217069302943},"Median":{"confidence_interval":{"confidence_level":0.95,"lower_bound":-0.007976248330243574,"upper_bound":-0.0003506876241813339},"point_estimate":-0.0032842441797192867,"standard_error":0.0019535782427283167}}