{"Mean":{"confidence_interval":{"confidence_level":0.95,"lower_bound":0.0831115409419132,"upper_bound":0.11392819625101955},"point_estimate":0.09841182965240991,"standard_error":0.007639688979198722},"Median":{"confidence_interval":{"confidence_level":0.95,"lower_bound":0.09320744385111736,"upper_bound":0.0985767211147286},"point_estimate":0.09669487666253485,"standard_error":0.0013568163900737208}}