{"Mean":{"confidence_interval":{"confidence_level":0.95,"lower_bound":-0.016364689057626423,"upper_bound":0.03953086874142455},"point_estimate":0.008174771111147283,"standard_error":0.014124494252465297},"Median":{"confidence_interval":{"confidence_level":0.95,"lower_bound":0.001257366543170324,"upper_bound":0.004666754138289209},"point_estimate":0.003446104213944867,"standard_error":0.0008990347120143872}}