{"Mean":{"confidence_interval":{"confidence_level":0.95,"lower_bound":1206044.928789415,"upper_bound":1244186.2246417904},"point_estimate":1222422.9201593166,"standard_error":9798.360555732981},"Median":{"confidence_interval":{"confidence_level":0.95,"lower_bound":1204299.6285714286,"upper_bound":1210262.9797979798},"point_estimate":1207230.7410714286,"standard_error":1355.7356659413172},"MedianAbsDev":{"confidence_interval":{"confidence_level":0.95,"lower_bound":7949.509437138973,"upper_bound":13990.64186338114},"point_estimate":11057.007346681397,"standard_error":1510.318499493531},"Slope":{"confidence_interval":{"confidence_level":0.95,"lower_bound":1206204.6213766003,"upper_bound":1212169.1908784702},"point_estimate":1209308.8867326733,"standard_error":1519.7098310853535},"StdDev":{"confidence_interval":{"confidence_level":0.95,"lower_bound":12366.199092838753,"upper_bound":151038.0315306819},"point_estimate":98898.95230523146,"standard_error":33811.52887692154}}