{"Mean":{"confidence_interval":{"confidence_level":0.95,"lower_bound":1101763.2075586657,"upper_bound":1179815.6539469261},"point_estimate":1129139.7340217219,"standard_error":23374.229888680293},"Median":{"confidence_interval":{"confidence_level":0.95,"lower_bound":1099248.6701030927,"upper_bound":1104235.142857143},"point_estimate":1101121.9481580511,"standard_error":1309.4082660089293},"MedianAbsDev":{"confidence_interval":{"confidence_level":0.95,"lower_bound":8216.967477784456,"upper_bound":14778.219618676174},"point_estimate":11308.798289631193,"standard_error":1744.5035364685316},"Slope":{"confidence_interval":{"confidence_level":0.95,"lower_bound":1102812.5605417208,"upper_bound":1107576.6616711847},"point_estimate":1105181.6718930101,"standard_error":1216.274055645019},"StdDev":{"confidence_interval":{"confidence_level":0.95,"lower_bound":12834.544228396475,"upper_bound":399962.6407307645},"point_estimate":234317.04861919757,"standard_error":133694.09418423058}}