{"Mean":{"confidence_interval":{"confidence_level":0.95,"lower_bound":1049718.042329499,"upper_bound":1068056.3429798447},"point_estimate":1056465.836016088,"standard_error":5185.180058146897},"Median":{"confidence_interval":{"confidence_level":0.95,"lower_bound":1046737.2142857143,"upper_bound":1051004.1450892857},"point_estimate":1048063.0593792172,"standard_error":1102.5284734191678},"MedianAbsDev":{"confidence_interval":{"confidence_level":0.95,"lower_bound":5451.58386231859,"upper_bound":8648.429104121018},"point_estimate":7181.882567631164,"standard_error":790.0927595592326},"Slope":{"confidence_interval":{"confidence_level":0.95,"lower_bound":1049761.1263754545,"upper_bound":1054825.508649779},"point_estimate":1052079.1634875129,"standard_error":1288.6329497366662},"StdDev":{"confidence_interval":{"confidence_level":0.95,"lower_bound":8231.990273370215,"upper_bound":88388.4342248444},"point_estimate":52271.758100315084,"standard_error":27407.672045946583}}