{"Mean":{"confidence_interval":{"confidence_level":0.95,"lower_bound":1066275.399181486,"upper_bound":1121655.2183917635},"point_estimate":1089839.8964954354,"standard_error":14313.300564238834},"Median":{"confidence_interval":{"confidence_level":0.95,"lower_bound":1051263.7647058824,"upper_bound":1060434.8324915825},"point_estimate":1053994.7336956523,"standard_error":2455.6345375250808},"MedianAbsDev":{"confidence_interval":{"confidence_level":0.95,"lower_bound":3602.6008886727914,"upper_bound":16813.791588996584},"point_estimate":7444.51773132343,"standard_error":3516.169253368601},"Slope":{"confidence_interval":{"confidence_level":0.95,"lower_bound":1066512.2886382134,"upper_bound":1077919.856555545},"point_estimate":1072177.1079414808,"standard_error":2924.7118648821183},"StdDev":{"confidence_interval":{"confidence_level":0.95,"lower_bound":22006.725952578643,"upper_bound":218468.33673545744},"point_estimate":143757.84951327392,"standard_error":49006.028071076704}}