{"Mean":{"confidence_interval":{"confidence_level":0.95,"lower_bound":1401756.1154724797,"upper_bound":1490153.5670759587},"point_estimate":1432558.5067288063,"standard_error":27284.26448612576},"Median":{"confidence_interval":{"confidence_level":0.95,"lower_bound":1393432.5368027603,"upper_bound":1402370.0523809525},"point_estimate":1397283.030424799,"standard_error":2167.9814017161984},"MedianAbsDev":{"confidence_interval":{"confidence_level":0.95,"lower_bound":14163.539243739157,"upper_bound":25959.806951785013},"point_estimate":18214.032428013074,"standard_error":2976.878562414739},"Slope":{"confidence_interval":{"confidence_level":0.95,"lower_bound":1396334.0116552047,"upper_bound":1406464.1851584213},"point_estimate":1401154.5480301464,"standard_error":2592.6230913131185},"StdDev":{"confidence_interval":{"confidence_level":0.95,"lower_bound":20801.72700330152,"upper_bound":470637.56034670206},"point_estimate":274924.5610087694,"standard_error":161759.0614174499}}