{"Mean":{"confidence_interval":{"confidence_level":0.95,"lower_bound":1161722.8471731776,"upper_bound":1249510.9301969614},"point_estimate":1201989.6224811415,"standard_error":22173.849941564065},"Median":{"confidence_interval":{"confidence_level":0.95,"lower_bound":1148866.8659611992,"upper_bound":1150427.650769231},"point_estimate":1149559.4810589277,"standard_error":399.0079115452156},"MedianAbsDev":{"confidence_interval":{"confidence_level":0.95,"lower_bound":3166.1813380181325,"upper_bound":5877.653031105348},"point_estimate":4176.28997585604,"standard_error":705.9077649358032},"Slope":{"confidence_interval":{"confidence_level":0.95,"lower_bound":1150227.2913610034,"upper_bound":1153293.0753195654},"point_estimate":1151615.2775410078,"standard_error":786.0701489677526},"StdDev":{"confidence_interval":{"confidence_level":0.95,"lower_bound":106131.81833680718,"upper_bound":303963.78728364373},"point_estimate":223466.5065646129,"standard_error":50369.66251238097}}