{"Mean":{"confidence_interval":{"confidence_level":0.95,"lower_bound":1152352.1415241724,"upper_bound":1196226.3372385984},"point_estimate":1167857.5589089605,"standard_error":12844.070351349268},"Median":{"confidence_interval":{"confidence_level":0.95,"lower_bound":1150121.3333333333,"upper_bound":1153168.7946859903},"point_estimate":1151907.9224021593,"standard_error":800.0889900309047},"MedianAbsDev":{"confidence_interval":{"confidence_level":0.95,"lower_bound":4697.818049930204,"upper_bound":7401.131565567023},"point_estimate":6080.4390120505595,"standard_error":649.9664206771251},"Slope":{"confidence_interval":{"confidence_level":0.95,"lower_bound":1150731.8377957267,"upper_bound":1153203.063956727},"point_estimate":1151932.9589921678,"standard_error":630.1267289991297},"StdDev":{"confidence_interval":{"confidence_level":0.95,"lower_bound":6908.889686682341,"upper_bound":219364.98815706404},"point_estimate":128801.34372080717,"standard_error":71707.05329146399}}