{"Mean":{"confidence_interval":{"confidence_level":0.95,"lower_bound":1162085.3862457403,"upper_bound":1184541.597077642},"point_estimate":1170555.474658961,"standard_error":6119.381761918381},"Median":{"confidence_interval":{"confidence_level":0.95,"lower_bound":1158360.84375,"upper_bound":1163208.6896551724},"point_estimate":1160249.7084599799,"standard_error":1163.6162853236485},"MedianAbsDev":{"confidence_interval":{"confidence_level":0.95,"lower_bound":8195.70504643256,"upper_bound":13474.521908809222},"point_estimate":11511.02195419711,"standard_error":1383.8298115554032},"Slope":{"confidence_interval":{"confidence_level":0.95,"lower_bound":1160105.6024011604,"upper_bound":1167177.232157336},"point_estimate":1163229.7726584896,"standard_error":1823.6915337179962},"StdDev":{"confidence_interval":{"confidence_level":0.95,"lower_bound":12017.803565403121,"upper_bound":103002.78536601693},"point_estimate":61573.88099007244,"standard_error":30087.439924151422}}