{"Mean":{"confidence_interval":{"confidence_level":0.95,"lower_bound":1153543.8830118827,"upper_bound":1184333.497303002},"point_estimate":1165215.629448916,"standard_error":8234.80081222991},"Median":{"confidence_interval":{"confidence_level":0.95,"lower_bound":1147817.6276595744,"upper_bound":1150629.7840909092},"point_estimate":1148704.9720647773,"standard_error":867.5748135609912},"MedianAbsDev":{"confidence_interval":{"confidence_level":0.95,"lower_bound":4926.218660103027,"upper_bound":9951.962913317398},"point_estimate":7072.1015647891,"standard_error":1323.6835041159507},"Slope":{"confidence_interval":{"confidence_level":0.95,"lower_bound":1153222.6320813713,"upper_bound":1160275.7566836223},"point_estimate":1156591.5493010196,"standard_error":1798.146387722807},"StdDev":{"confidence_interval":{"confidence_level":0.95,"lower_bound":12822.997073043622,"upper_bound":137527.2408338008},"point_estimate":82683.03670320466,"standard_error":38513.36155460173}}