{"Mean":{"confidence_interval":{"confidence_level":0.95,"lower_bound":1156371.6180428676,"upper_bound":1179897.5718596885},"point_estimate":1164872.4908113615,"standard_error":6822.190668046264},"Median":{"confidence_interval":{"confidence_level":0.95,"lower_bound":1154742.0877192982,"upper_bound":1157251.1},"point_estimate":1155761.1764705882,"standard_error":794.9057847073401},"MedianAbsDev":{"confidence_interval":{"confidence_level":0.95,"lower_bound":4769.9880033592735,"upper_bound":8573.167194133168},"point_estimate":6927.106781492947,"standard_error":946.9585934943635},"Slope":{"confidence_interval":{"confidence_level":0.95,"lower_bound":1155800.5547968724,"upper_bound":1159468.6644650537},"point_estimate":1157514.4849682283,"standard_error":932.6027096123352},"StdDev":{"confidence_interval":{"confidence_level":0.95,"lower_bound":7856.747714362794,"upper_bound":116539.19580782957},"point_estimate":68604.42563899374,"standard_error":37339.30580214035}}