{"Mean":{"confidence_interval":{"confidence_level":0.95,"lower_bound":1155141.4993384453,"upper_bound":1207650.885440017},"point_estimate":1174741.0005147923,"standard_error":14187.942076941516},"Median":{"confidence_interval":{"confidence_level":0.95,"lower_bound":1151339.3985645934,"upper_bound":1153714.8859791802},"point_estimate":1152663.529109589,"standard_error":539.3173115991997},"MedianAbsDev":{"confidence_interval":{"confidence_level":0.95,"lower_bound":3194.549398927421,"upper_bound":5732.946756386353},"point_estimate":4094.681263861103,"standard_error":611.245392040456},"Slope":{"confidence_interval":{"confidence_level":0.95,"lower_bound":1155370.104274506,"upper_bound":1161701.1715161442},"point_estimate":1158154.0179636471,"standard_error":1634.0280943125651},"StdDev":{"confidence_interval":{"confidence_level":0.95,"lower_bound":9451.98380688412,"upper_bound":237561.08998974002},"point_estimate":142689.34126223723,"standard_error":68299.42833286125}}