{"Mean":{"confidence_interval":{"confidence_level":0.95,"lower_bound":1519449.9758591263,"upper_bound":1582827.2515533145},"point_estimate":1544470.5985990986,"standard_error":16920.82278867357},"Median":{"confidence_interval":{"confidence_level":0.95,"lower_bound":1515067.8481012657,"upper_bound":1519437.4},"point_estimate":1516997.5793650793,"standard_error":1188.6822559599661},"MedianAbsDev":{"confidence_interval":{"confidence_level":0.95,"lower_bound":6172.42482861868,"upper_bound":11462.367268029078},"point_estimate":8892.230747268293,"standard_error":1354.259680571659},"Slope":{"confidence_interval":{"confidence_level":0.95,"lower_bound":1517549.946064413,"upper_bound":1523119.7049925711},"point_estimate":1520044.7175084972,"standard_error":1425.6606299563582},"StdDev":{"confidence_interval":{"confidence_level":0.95,"lower_bound":12041.55164865893,"upper_bound":275279.4112204},"point_estimate":170871.97381401126,"standard_error":72629.23447825604}}